epoch,date,timestamp
0,19-04-2023,1681862400
1,26-04-2023,1682467200
2,03-05-2023,1683072000
3,10-05-2023,1683676800
4,17-05-2023,1684281600
5,24-05-2023,1684886400
6,31-05-2023,1685491200
7,07-06-2023,1686096000
8,14-06-2023,1686700800
9,21-06-2023,1687305600
10,28-06-2023,1687910400
11,05-07-2023,1688515200
12,12-07-2023,1689120000
13,19-07-2023,1689724800
14,26-07-2023,1690329600
15,02-08-2023,1690934400
16,09-08-2023,1691539200
17,16-08-2023,1692144000
18,23-08-2023,1692748800
19,30-08-2023,1693353600
20,06-09-2023,1693958400
21,13-09-2023,1694563200
22,20-09-2023,1695168000
23,27-09-2023,1695772800
24,04-10-2023,1696377600
25,11-10-2023,1696982400
26,18-10-2023,1697587200
27,25-10-2023,1698192000
28,01-11-2023,1698796800
29,08-11-2023,1699401600
30,15-11-2023,1700006400
31,22-11-2023,1700611200
32,29-11-2023,1701216000
33,06-12-2023,1701820800
34,13-12-2023,1702425600
35,20-12-2023,1703030400
36,27-12-2023,1703635200
37,03-01-2024,1704240000
38,10-01-2024,1704844800
39,17-01-2024,1705449600
40,24-01-2024,1706054400
41,31-01-2024,1706659200
42,07-02-2024,1707264000
43,14-02-2024,1707868800
44,21-02-2024,1708473600
45,28-02-2024,1709078400
46,06-03-2024,1709683200
47,13-03-2024,1710288000
48,20-03-2024,1710892800
49,27-03-2024,1711497600
50,03-04-2024,1712102400
51,10-04-2024,1712707200
52,17-04-2024,1713312000
53,24-04-2024,1713916800
54,01-05-2024,1714521600
55,08-05-2024,1715126400
56,15-05-2024,1715731200
57,22-05-2024,1716336000
58,29-05-2024,1716940800
59,05-06-2024,1717545600
60,12-06-2024,1718150400
61,19-06-2024,1718755200
62,26-06-2024,1719360000
63,03-07-2024,1719964800
64,10-07-2024,1720569600
65,17-07-2024,1721174400
66,24-07-2024,1721779200
67,31-07-2024,1722384000
68,07-08-2024,1722988800
69,14-08-2024,1723593600
70,21-08-2024,1724198400
71,28-08-2024,1724803200
72,04-09-2024,1725408000
73,11-09-2024,1726012800
74,18-09-2024,1726617600
75,25-09-2024,1727222400
76,02-10-2024,1727827200
77,09-10-2024,1728432000
78,16-10-2024,1729036800
79,23-10-2024,1729641600
80,30-10-2024,1730246400
81,06-11-2024,1730851200
82,13-11-2024,1731456000
83,20-11-2024,1732060800
84,27-11-2024,1732665600
85,04-12-2024,1733270400
86,11-12-2024,1733875200
87,18-12-2024,1734480000
88,25-12-2024,1735084800
89,01-01-2025,1735689600
90,08-01-2025,1736294400
91,15-01-2025,1736899200
92,22-01-2025,1737504000
93,29-01-2025,1738108800
94,05-02-2025,1738713600
95,12-02-2025,1739318400
96,19-02-2025,1739923200
97,26-02-2025,1740528000
98,05-03-2025,1741132800
99,12-03-2025,1741737600
100,19-03-2025,1742342400
101,26-03-2025,1742947200
102,02-04-2025,1743552000
103,09-04-2025,1744156800
104,16-04-2025,1744761600
105,23-04-2025,1745366400
106,30-04-2025,1745971200
107,07-05-2025,1746576000
108,14-05-2025,1747180800
109,21-05-2025,1747785600
110,28-05-2025,1748390400
111,04-06-2025,1748995200
112,11-06-2025,1749600000
113,18-06-2025,1750204800
114,25-06-2025,1750809600
115,02-07-2025,1751414400
116,09-07-2025,1752019200
117,16-07-2025,1752624000
118,23-07-2025,1753228800
119,30-07-2025,1753833600
120,06-08-2025,1754438400
121,13-08-2025,1755043200
122,20-08-2025,1755648000
123,27-08-2025,1756252800
124,03-09-2025,1756857600
125,10-09-2025,1757462400
126,17-09-2025,1758067200
127,24-09-2025,1758672000
128,01-10-2025,1759276800
129,08-10-2025,1759881600
130,15-10-2025,1760486400
131,22-10-2025,1761091200
132,29-10-2025,1761696000
133,05-11-2025,1762300800
134,12-11-2025,1762905600
135,19-11-2025,1763510400
136,26-11-2025,1764115200
137,03-12-2025,1764720000
138,10-12-2025,1765324800
139,17-12-2025,1765929600
140,24-12-2025,1766534400
141,31-12-2025,1767139200
142,07-01-2026,1767744000
143,14-01-2026,1768348800
144,21-01-2026,1768953600
145,28-01-2026,1769558400
146,04-02-2026,1770163200
147,11-02-2026,1770768000
148,18-02-2026,1771372800
149,25-02-2026,1771977600
150,04-03-2026,1772582400
151,11-03-2026,1773187200
152,18-03-2026,1773792000
153,25-03-2026,1774396800
154,01-04-2026,1775001600
155,08-04-2026,1775606400
156,15-04-2026,1776211200
157,22-04-2026,1776816000
158,29-04-2026,1777420800
159,06-05-2026,1778025600
160,13-05-2026,1778630400
161,20-05-2026,1779235200
162,27-05-2026,1779840000
163,03-06-2026,1780444800
164,10-06-2026,1781049600
165,17-06-2026,1781654400
166,24-06-2026,1782259200
167,01-07-2026,1782864000
168,08-07-2026,1783468800
169,15-07-2026,1784073600
170,22-07-2026,1784678400
171,29-07-2026,1785283200
172,05-08-2026,1785888000
173,12-08-2026,1786492800
174,19-08-2026,1787097600
175,26-08-2026,1787702400
176,02-09-2026,1788307200
177,09-09-2026,1788912000
178,16-09-2026,1789516800
179,23-09-2026,1790121600
180,30-09-2026,1790726400
181,07-10-2026,1791331200
182,14-10-2026,1791936000
183,21-10-2026,1792540800
184,28-10-2026,1793145600
185,04-11-2026,1793750400
186,11-11-2026,1794355200
187,18-11-2026,1794960000
188,25-11-2026,1795564800
189,02-12-2026,1796169600
190,09-12-2026,1796774400
191,16-12-2026,1797379200
192,23-12-2026,1797984000
193,30-12-2026,1798588800
194,06-01-2027,1799193600
195,13-01-2027,1799798400
196,20-01-2027,1800403200
197,27-01-2027,1801008000
198,03-02-2027,1801612800
199,10-02-2027,1802217600
200,17-02-2027,1802822400