pool_name,pool_address,pool_data,total_liquidity
WMATIC/WETH (0.05%),0x1a34EaBbe928Bf431B679959379b2225d60D9cdA,"[((b'\xdb\x98\xbe>\x08f;\x851!\x11@9\xde\xfdw\xa8\x08a}K1\xd1\x1c\x95+\xa0\xe3t\x8c.l', '0x1a34EaBbe928Bf431B679959379b2225d60D9cdA', '0x3A29CAb2E124919d14a6F735b6033a3AaD2B260F', 136157553873745179309564, [], [], 3000, 3000, 4000, 1695254400, 168, 0, 25000, '0xB419cE2ea99f356BaE0caC47282B9409E38200fa', b''), 500, ('0x0d500B1d8E8eF31E21C99d1Db9A6444d3ADf1270', 18, 'WMATIC', 1674715389351302147739433), ('0x7ceB23fD6bC0adD59E62ac25578270cFf1b9f619', 18, 'WETH', 419556885399774839666), 'oRETRO', 18)]",1539675.51
WMATIC/USDC (0.05%),0xEC15624FBB314eb05BaaD4cA49b7904C0Cb6b645,"[((b'\x18\xad\xd7\x80l\xd9V\xac\xc3c\xc6;\xdb\xe6\xa2\x1f\xdd\xf5\xb1\xce\x873\x94^""\x90\xb5\xe8\x99\xc4\'\x19', '0xEC15624FBB314eb05BaaD4cA49b7904C0Cb6b645', '0x3A29CAb2E124919d14a6F735b6033a3AaD2B260F', 146942478247168273545299, [], [], 3000, 3000, 4000, 1695254400, 168, 0, 25000, '0xB419cE2ea99f356BaE0caC47282B9409E38200fa', b''), 500, ('0x0d500B1d8E8eF31E21C99d1Db9A6444d3ADf1270', 18, 'WMATIC', 1086938967332838760540378), ('0x2791Bca1f2de4661ED88A30C99A7a9449Aa84174', 6, 'USDC', 347889152954), 'oRETRO', 18)]",914295.22
USDC/WETH (0.05%),0xCE67850420c82dB45eb7fEeCcD2d181300D2BDB3,"[((b'\x97a+\\\x11\xdd\xeb\x08&\x1de\xf2\x8d\xb8\x9e\xbc\xba\x13\xe5\xb1\xc8\xf6\xce\xa3\xba\xa2Q\x843I\x1bY', '0xCE67850420c82dB45eb7fEeCcD2d181300D2BDB3', '0x3A29CAb2E124919d14a6F735b6033a3AaD2B260F', 204037928636564805892961, [], [], 3000, 3000, 4000, 1695254400, 168, 0, 25000, '0xB419cE2ea99f356BaE0caC47282B9409E38200fa', b''), 500, ('0x2791Bca1f2de4661ED88A30C99A7a9449Aa84174', 6, 'USDC', 551705594617), ('0x7ceB23fD6bC0adD59E62ac25578270cFf1b9f619', 18, 'WETH', 735004232679399481394), 'oRETRO', 18)]",1720156.52
WBTC/WETH (0.05%),0xb694E3bdd4BCdF843510983D257679D1E627C474,"[((b'\xf8\xc2}\xaa\x92&>\xd4\xa4\\C\xa7|\xc7u\x91W\x17\xff\xf2\x92U\x1b\x82\x81O(D\x10\x08y:', '0xb694E3bdd4BCdF843510983D257679D1E627C474', '0x3A29CAb2E124919d14a6F735b6033a3AaD2B260F', 48338650075829734110640, [], [], 3000, 3000, 4000, 1695254400, 168, 0, 25000, '0xB419cE2ea99f356BaE0caC47282B9409E38200fa', b''), 500, ('0x1BFD67037B42Cf73acF2047067bd4F2C47D9BfD6', 8, 'WBTC', 1250372969), ('0x7ceB23fD6bC0adD59E62ac25578270cFf1b9f619', 18, 'WETH', 406866808585840703119), 'oRETRO', 18)]",975039.71
WMATIC/USDT (0.05%),0xB580229645b240A368768ec3E88cb67A41eBBC5B,"[((b'\xfcs\xf5\xb9\xaf\xbc\x80>\xe8\xac\xe13/K\x00\x99\xad\xed\xab\x1f0}x\xa3Y\xd20\x14t\xc8\xa8x', '0xB580229645b240A368768ec3E88cb67A41eBBC5B', '0x3A29CAb2E124919d14a6F735b6033a3AaD2B260F', 813567841427548923630, [], [], 3000, 3000, 4000, 1695254400, 168, 0, 25000, '0xB419cE2ea99f356BaE0caC47282B9409E38200fa', b''), 500, ('0x0d500B1d8E8eF31E21C99d1Db9A6444d3ADf1270', 18, 'WMATIC', 10233613111421725046812), ('0xc2132D05D31c914a87C6611C10748AEb04B58e8F', 6, 'USDT', 4663473576), 'oRETRO', 18)]",9995.27
WMATIC/CASH (0.05%),0x63ca6ED3D390C725b7FEb617BAdcab78a61038E8,"[((b""\xc9Y\x13(\x9aQ\xa6\x89\x04\x7f\x99\x85\xcby\xf5q\xbd\xfa\xdc\xba\x95J,\x15\xfd\x1bE'bM\xca\xe8"", '0x63ca6ED3D390C725b7FEb617BAdcab78a61038E8', '0x3A29CAb2E124919d14a6F735b6033a3AaD2B260F', 761399095124971889939, [], [], 3000, 3000, 4000, 1695254400, 168, 0, 25000, '0xB419cE2ea99f356BaE0caC47282B9409E38200fa', b''), 500, ('0x0d500B1d8E8eF31E21C99d1Db9A6444d3ADf1270', 18, 'WMATIC', 16129954028241071093154), ('0x5D066D022EDE10eFa2717eD3D79f22F949F8C175', 18, 'CASH', 4488821360896714326838), 'oRETRO', 18)]",12888.01
CASH/WETH (0.05%),0x0A46B0712974F201BeD15c2458a023EbED25eF4F,"[((b'\xe9\xf9\x9d{\x08\x83\xed\xaf\x8d8\x1a\xa3\xb8\xd7m\x12/\x96\xdd\xe2=\xd1\xff\xd9\xbd\xfbO\xd6\xef\xea}\x99', '0x0A46B0712974F201BeD15c2458a023EbED25eF4F', '0x3A29CAb2E124919d14a6F735b6033a3AaD2B260F', 607852874807719682945, [], [], 3000, 3000, 4000, 1695254400, 168, 0, 25000, '0xB419cE2ea99f356BaE0caC47282B9409E38200fa', b''), 500, ('0x5D066D022EDE10eFa2717eD3D79f22F949F8C175', 18, 'CASH', 7288524879378152375598), ('0x7ceB23fD6bC0adD59E62ac25578270cFf1b9f619', 18, 'WETH', 4458986225473470608), 'oRETRO', 18)]",14367.05
USDC/CASH (0.01%),0x619259F699839dD1498FFC22297044462483bD27,"[((b'\xf2\xfa\xbb~\x8c^\x9d\x9f%!E\xae\xc0\n!\xc2\x83T\xe5:b(\xa5\xd6x\xf8\x04E@\xa9s5', '0x619259F699839dD1498FFC22297044462483bD27', '0x3A29CAb2E124919d14a6F735b6033a3AaD2B260F', 152678228025318234624394, [], [], 3000, 3000, 4000, 1695254400, 168, 0, 25000, '0xB419cE2ea99f356BaE0caC47282B9409E38200fa', b''), 100, ('0x2791Bca1f2de4661ED88A30C99A7a9449Aa84174', 6, 'USDC', 725122379976), ('0x5D066D022EDE10eFa2717eD3D79f22F949F8C175', 18, 'CASH', 1758506927598555231508285), 'oRETRO', 18)]",2481213.12
CASH/USDT (0.01%),0x160FBF00AB5fbF0200c0Cd4929aEaa2AdD25FB5b,"[((b'\xf8eq\x8f\xc9\xc6\x855\xc5Ma%>\x18\xc3\xe40s\x8e\x08%\xab&\xf4\xf4\xaf\xaf\xa2\xbf\x13\xae|', '0x160FBF00AB5fbF0200c0Cd4929aEaa2AdD25FB5b', '0x3A29CAb2E124919d14a6F735b6033a3AaD2B260F', 50224669020216427740, [], [], 3000, 3000, 4000, 1695254400, 168, 0, 25000, '0xB419cE2ea99f356BaE0caC47282B9409E38200fa', b''), 100, ('0x5D066D022EDE10eFa2717eD3D79f22F949F8C175', 18, 'CASH', 232231664817014939986), ('0xc2132D05D31c914a87C6611C10748AEb04B58e8F', 6, 'USDT', 122912011), 'oRETRO', 18)]",354.8
CASH/MaticX (0.05%),0xb98F8DF0DC6750A3e54540A1e094186C8bED780a,"[((b'\x13\xc7\xbf\xd7\xc4\xdcUO\xc6\x06c\x82y\xaa\xc1\x8b\xf5:\xe8r\x96\x9d\xd38o\nyKGm3\x94', '0xb98F8DF0DC6750A3e54540A1e094186C8bED780a', '0x3A29CAb2E124919d14a6F735b6033a3AaD2B260F', 532949326872798639931, [], [], 3000, 3000, 4000, 1695254400, 168, 0, 25000, '0xB419cE2ea99f356BaE0caC47282B9409E38200fa', b''), 500, ('0x5D066D022EDE10eFa2717eD3D79f22F949F8C175', 18, 'CASH', 1758181927539762862721), ('0xfa68FB4628DFF1028CFEc22b4162FCcd0d45efb6', 18, 'MaticX', 5010094198111700334994), 'oRETRO', 18)]",4573.43
USDC/agEUR (0.05%),0xC2CB03a819F785bD8eb8D628BAD41Cd7c1C71F4B,"[((b'\x13}\xaf\xdfV\x96\xd2[\xe5V\xceH:km\x97\x1a\x1f\xdd\x0f\x17\xc8\xcc\x0e\xc4\x972;\x83\xca\xc7\x92', '0xC2CB03a819F785bD8eb8D628BAD41Cd7c1C71F4B', '0x3A29CAb2E124919d14a6F735b6033a3AaD2B260F', 5503670190124912643560, [], [], 3000, 3000, 4000, 1695254400, 168, 0, 25000, '0xB419cE2ea99f356BaE0caC47282B9409E38200fa', b''), 500, ('0x2791Bca1f2de4661ED88A30C99A7a9449Aa84174', 6, 'USDC', 3213755722), ('0xE0B52e49357Fd4DAf2c15e02058DCE6BC0057db4', 18, 'agEUR', 110382958411254304410272), 'oRETRO', 18)]",120440.46
FRAX/CASH (0.01%),0x72289129Dc4937a5d406d1ECeD8b2A17d007A650,"[((b'\xb5\xf2\xd6\xd3m\x8fUn\xc3\xf2\x82\xd9\xd0\xdf\xa8\x80$\xc9\xf9\x8e\xfar}""\xf3\xa9\x91:\x16c\'N', '0x72289129Dc4937a5d406d1ECeD8b2A17d007A650', '0x3A29CAb2E124919d14a6F735b6033a3AaD2B260F', 7165930112944257754275, [], [], 3000, 3000, 4000, 1695254400, 168, 0, 25000, '0xB419cE2ea99f356BaE0caC47282B9409E38200fa', b''), 100, ('0x45c32fA6DF82ead1e2EF74d17b76547EDdFaFF89', 18, 'FRAX', 30642654247172155071316), ('0x5D066D022EDE10eFa2717eD3D79f22F949F8C175', 18, 'CASH', 56873696619284865097840), 'oRETRO', 18)]",87340.82
CASH/RETRO (1%),0xb47A07966cE6812702C0567d03725F1b37E27877,"[((b'\xee\xcen|\xa7\xe5\x1bSN\x82\xab\xd6i\xcd\xa0\xcc\xe0\xc9\x85v\t\xadiJ\xc8Jy-q>\xf3\xdc', '0xb47A07966cE6812702C0567d03725F1b37E27877', '0x3A29CAb2E124919d14a6F735b6033a3AaD2B260F', 49804565667128963056130, [], [], 6000, 0, 4000, 1695254400, 168, 0, 25000, '0xB419cE2ea99f356BaE0caC47282B9409E38200fa', b''), 10000, ('0x5D066D022EDE10eFa2717eD3D79f22F949F8C175', 18, 'CASH', 161283038818949790857563), ('0xBFA35599c7AEbb0dAcE9b5aa3ca5f2a79624D8Eb', 18, 'RETRO', 2221305932623672502896429), 'oRETRO', 18)]",345736.37
WETH/RETRO (1%),0x35394eED0Be676ec6470fE6531daD809265310ff,"[((b'\xees\xa8\xe2\x9af\x80\xe0\x06?\xeacH\xb5\xae\x0306FE\x01\xce\xa6\x1b&\x93S\x8b-+:\x0c', '0x35394eED0Be676ec6470fE6531daD809265310ff', '0x3A29CAb2E124919d14a6F735b6033a3AaD2B260F', 38387303271386356721413, [], [], 6000, 0, 4000, 1695254400, 168, 0, 25000, '0xB419cE2ea99f356BaE0caC47282B9409E38200fa', b''), 10000, ('0x7ceB23fD6bC0adD59E62ac25578270cFf1b9f619', 18, 'WETH', 30720289709747245559), ('0xBFA35599c7AEbb0dAcE9b5aa3ca5f2a79624D8Eb', 18, 'RETRO', 271235101805077717665462), 'oRETRO', 18)]",71386.6
WMATIC/RETRO (1%),0x547FD24AA2ED09d86dAC02E36b8Ce84A59fD644F,"[((b'i\x9e!\x9e\xa3T\xdeCM\x87\x04D>u\x00b:\xab\xec\x0cq\xf2AM\x168\xcb\xb4\x82i\xd6\xb8', '0x547FD24AA2ED09d86dAC02E36b8Ce84A59fD644F', '0x3A29CAb2E124919d14a6F735b6033a3AaD2B260F', 43816091313607745445044, [], [], 6000, 0, 4000, 1695254400, 168, 0, 25000, '0xB419cE2ea99f356BaE0caC47282B9409E38200fa', b''), 10000, ('0x0d500B1d8E8eF31E21C99d1Db9A6444d3ADf1270', 18, 'WMATIC', 121073200438629428835928), ('0xBFA35599c7AEbb0dAcE9b5aa3ca5f2a79624D8Eb', 18, 'RETRO', 322279488439045150373055), 'oRETRO', 18)]",89885.16
WBTC/RETRO (1%),0x0F73E719a76947752E4b26A2c3FC80a580e68fB4,"[((b'tg\x1d\xa2\r$\x1b\x0bX\x06\xae\x85\x17\xbb\x9as\x0eV\x03E\x999\x075\x06\xc4\x10\xd4\xa1\xd35\xf2', '0x0F73E719a76947752E4b26A2c3FC80a580e68fB4', '0x3A29CAb2E124919d14a6F735b6033a3AaD2B260F', 22768899779042453080538, [], [], 6000, 0, 4000, 1695254400, 168, 0, 25000, '0xB419cE2ea99f356BaE0caC47282B9409E38200fa', b''), 10000, ('0x1BFD67037B42Cf73acF2047067bd4F2C47D9BfD6', 8, 'WBTC', 114414111), ('0xBFA35599c7AEbb0dAcE9b5aa3ca5f2a79624D8Eb', 18, 'RETRO', 134087101870124719964219), 'oRETRO', 18)]",41182.58
stMATIC/RETRO (1%),0x0973698BB6399c39d628698f9300430C4e7c9bf9,"[((b'\x05\x95!\xccXN\xfb\x85\xe2\x8c\xfd[^\x1ed[t\x0f\x89\x00`\xe1*\\T\xb5\xdb\x92\x13\x0c\x7f\xbf', '0x0973698BB6399c39d628698f9300430C4e7c9bf9', '0x3A29CAb2E124919d14a6F735b6033a3AaD2B260F', 10758800621259746518255, [], [], 6000, 0, 4000, 1695254400, 168, 0, 25000, '0xB419cE2ea99f356BaE0caC47282B9409E38200fa', b''), 10000, ('0x3A58a54C066FdC0f2D55FC9C89F0415C92eBf3C4', 18, 'stMATIC', 26709876798934965473148), ('0xBFA35599c7AEbb0dAcE9b5aa3ca5f2a79624D8Eb', 18, 'RETRO', 78747832243587607454957), 'oRETRO', 18)]",21655.41
USDC/RETRO (1%),0xc7d8B9c270D0E31A6a0Cf4496fe019766Be42E15,"[((b'\xfb\xbc\x0fO\xef\xaf\x03\x00\x08tZ(\x81\xdbC\xe2\x1f\xd5\xee\xc4\xb8\xe5\xcd\xa7\xd8\x14\xba-\xc4\x11\x03\xae', '0xc7d8B9c270D0E31A6a0Cf4496fe019766Be42E15', '0x3A29CAb2E124919d14a6F735b6033a3AaD2B260F', 41406005198490231064157, [], [], 6000, 0, 4000, 1695254400, 168, 0, 25000, '0xB419cE2ea99f356BaE0caC47282B9409E38200fa', b''), 10000, ('0x2791Bca1f2de4661ED88A30C99A7a9449Aa84174', 6, 'USDC', 24651340385), ('0xBFA35599c7AEbb0dAcE9b5aa3ca5f2a79624D8Eb', 18, 'RETRO', 103045847921833630386433), 'oRETRO', 18)]",33218.37
RETRO/USDT (1%),0x69dCAE97A1286B112a8BD75bD9147bD0a3207756,"[((b'\xef\xf9\x17n\xe0nv9>KON\xc8\x9c\x89\xaf\xdc\xd6\xb6\xc1\x1d\xbf\xf8g\x88Dc\xa7:|\xe5\xf6', '0x69dCAE97A1286B112a8BD75bD9147bD0a3207756', '0x3A29CAb2E124919d14a6F735b6033a3AaD2B260F', 4758318913128105637870, [], [], 0, 6000, 4000, 1695254400, 168, 0, 25000, '0xB419cE2ea99f356BaE0caC47282B9409E38200fa', b''), 10000, ('0xBFA35599c7AEbb0dAcE9b5aa3ca5f2a79624D8Eb', 18, 'RETRO', 88648892039364332532262), ('0xc2132D05D31c914a87C6611C10748AEb04B58e8F', 6, 'USDT', 19148530507), 'oRETRO', 18)]",26514.68
miMATIC/RETRO (1%),0xd98eEf295f78ddDd104a8645854C7F8714B39B88,"[((b'\xa2\xc6z\x0e\x1d/\xfb\x92\n\x9b\x0b\xc0\xeb\xcf\x85\x97\xeb\xb2C\xb5@\xca+\xd5\xf1~\xc6Ec`I\xbd', '0xd98eEf295f78ddDd104a8645854C7F8714B39B88', '0x3A29CAb2E124919d14a6F735b6033a3AaD2B260F', 2901225836509255017884, [], [], 6000, 0, 4000, 1695254400, 168, 0, 25000, '0xB419cE2ea99f356BaE0caC47282B9409E38200fa', b''), 10000, ('0xa3Fa99A148fA48D14Ed51d610c367C61876997F1', 18, 'miMATIC', 25152717076297957437340), ('0xBFA35599c7AEbb0dAcE9b5aa3ca5f2a79624D8Eb', 18, 'RETRO', 40817571063245016987528), 'oRETRO', 18)]",25944.49
LINK/RETRO (1%),0x7761c7233924C3D72F27Fae6a81B074C0152e03a,"[((b'\x0f\x12\xb1\x15\xd0\x9e\xd3\xbcI\xe2\xea\xb3-.\xf2\xb7S~\xe5l\x1a\xb6\xf2\x87\xaf\x13`\xe35v\xf4E', '0x7761c7233924C3D72F27Fae6a81B074C0152e03a', '0x3A29CAb2E124919d14a6F735b6033a3AaD2B260F', 6078470294809768147272, [], [], 6000, 0, 4000, 1695254400, 168, 0, 25000, '0xB419cE2ea99f356BaE0caC47282B9409E38200fa', b''), 10000, ('0x53E0bca35eC356BD5ddDFebbD1Fc0fD03FaBad39', 18, 'LINK', 1985851560971570047606), ('0xBFA35599c7AEbb0dAcE9b5aa3ca5f2a79624D8Eb', 18, 'RETRO', 74966690454991023411140), 'oRETRO', 18)]",21066.89
RETRO/agEUR (1%),0x15949526fF03fE6ab5f49dA6a86749c20141b3f1,"[((b""H\x1b6~\xb7\x1a\no(^)},\x86&{\xb8\x05\xf9\xe1\x98\xd7K\x0cZ\xd1\xfaT'\x04f*"", '0x15949526fF03fE6ab5f49dA6a86749c20141b3f1', '0x3A29CAb2E124919d14a6F735b6033a3AaD2B260F', 6667005783669505868176, [], [], 3000, 3000, 4000, 1695254400, 168, 0, 25000, '0xB419cE2ea99f356BaE0caC47282B9409E38200fa', b''), 10000, ('0xBFA35599c7AEbb0dAcE9b5aa3ca5f2a79624D8Eb', 18, 'RETRO', 80369649110719200415819), ('0xE0B52e49357Fd4DAf2c15e02058DCE6BC0057db4', 18, 'agEUR', 15787671432572775180968), 'oRETRO', 18)]",23448.28
USDC/USDT (0.01%),0x772510189425ac63f9a5A5eF2fd0C7FDA58CBFC7,"[((b'\xaf\xcc\x85\x8av*\x85\xa7L\xc2d@\x897\x8d\xca\n\rE\xd5\xa3\x95\xb2\xa4\x9f\x11\x18?]\x9b~\xd5', '0x772510189425ac63f9a5A5eF2fd0C7FDA58CBFC7', '0x3A29CAb2E124919d14a6F735b6033a3AaD2B260F', 354620294650868596894, [], [], 3000, 3000, 4000, 1695254400, 168, 0, 25000, '0xB419cE2ea99f356BaE0caC47282B9409E38200fa', b''), 100, ('0x2791Bca1f2de4661ED88A30C99A7a9449Aa84174', 6, 'USDC', 45933151440), ('0xc2132D05D31c914a87C6611C10748AEb04B58e8F', 6, 'USDT', 27682051636), 'oRETRO', 18)]",73609.5
WMATIC/MaticX (0.01%),0x9aa18301055091e9da7C57b81633632Fa33B9a80,"[((b""\x9f\xc9\xf0Ed\x0e\x1e1\xe4\xf2\xe5[9Q\xc0\xb4'\xe1\xd6\x93\x13Kf\x0b\xe7\x95\x92f\x97\xc3Y\x00"", '0x9aa18301055091e9da7C57b81633632Fa33B9a80', '0x3A29CAb2E124919d14a6F735b6033a3AaD2B260F', 10248622803796701722075, [], [], 3000, 3000, 4000, 1695254400, 168, 0, 25000, '0xB419cE2ea99f356BaE0caC47282B9409E38200fa', b''), 100, ('0x0d500B1d8E8eF31E21C99d1Db9A6444d3ADf1270', 18, 'WMATIC', 942931392942920326085089), ('0xfa68FB4628DFF1028CFEc22b4162FCcd0d45efb6', 18, 'MaticX', 258543600284860096644304), 'oRETRO', 18)]",636767.58
wstETH/WETH (0.01%),0xa9439Db1D7025Ce4aAc513Baf5eee5220172126C,"[((b'\xfa\xb2\xf6\xd7\xfe\xfa\x9e\n""~\x0cn`\xbe\xba\xaaC\x9b\xfd.bI\xd9\xe8\x01W\x87\'\xcf\xc1\xcd\xcd', '0xa9439Db1D7025Ce4aAc513Baf5eee5220172126C', '0x3A29CAb2E124919d14a6F735b6033a3AaD2B260F', 1243785215184205897170, [], [], 3000, 3000, 4000, 1695254400, 168, 0, 25000, '0xB419cE2ea99f356BaE0caC47282B9409E38200fa', b''), 100, ('0x03b54A6e9a984069379fae1a4fC4dBAE93B3bCCD', 18, 'wstETH', 30912599697765123614), ('0x7ceB23fD6bC0adD59E62ac25578270cFf1b9f619', 18, 'WETH', 50883990719951055572), 'oRETRO', 18)]",136912.66
WMATIC/stMATIC (0.01%),0x2d623c33673248E95C7a1C26aE7065eb7A7Ac0Ea,"[((b'\x18\x8dO\xd7\x01\x96\xdc\xde\xd4\x98z\xb4rg\x0e\xddd\r\x1e\x99\xcc*\x05\x01\x15\xaa\xdc#jS\xf01', '0x2d623c33673248E95C7a1C26aE7065eb7A7Ac0Ea', '0x3A29CAb2E124919d14a6F735b6033a3AaD2B260F', 116194659397291297575, [], [], 3000, 3000, 4000, 1695254400, 168, 0, 25000, '0xB419cE2ea99f356BaE0caC47282B9409E38200fa', b''), 100, ('0x0d500B1d8E8eF31E21C99d1Db9A6444d3ADf1270', 18, 'WMATIC', 131683353297843904069581), ('0x3A58a54C066FdC0f2D55FC9C89F0415C92eBf3C4', 18, 'stMATIC', 56615048326873052668211), 'oRETRO', 18)]",100644.82
WETH/frxETH (0.01%),0xe5069a75Bdfe8F676B778B0aaDCcC597841F819B,"[((b'\xfe\xec~t\x81\xda\xe5\xb0n\xb9=\xe3c\xfc\xa1\x18\xb61\xc9\xde\x9er\xbd\x84\xd5\xdb\x82\x99\x11c,\xac', '0xe5069a75Bdfe8F676B778B0aaDCcC597841F819B', '0x3A29CAb2E124919d14a6F735b6033a3AaD2B260F', 8336489126511972364420, [], [], 3000, 3000, 4000, 1695254400, 168, 0, 25000, '0xB419cE2ea99f356BaE0caC47282B9409E38200fa', b''), 100, ('0x7ceB23fD6bC0adD59E62ac25578270cFf1b9f619', 18, 'WETH', 110659454376163786632), ('0xEe327F889d5947c1dc1934Bb208a1E792F953E96', 18, 'frxETH', 53158464683432499293), 'oRETRO', 18)]",260229.0
FRAX/frxETH (0.05%),0x38df0c93bf69a9EfB3d3647fF459eF27235A8968,"[((b'\xcf\xc3\xce\x06bd\xe0\x96;\xe5\x18\x93,\xfd\xd7\x14{b\xbb\xb7\x9f8u\xf3\x01\x7f\xbf\x0c*iDF', '0x38df0c93bf69a9EfB3d3647fF459eF27235A8968', '0x3A29CAb2E124919d14a6F735b6033a3AaD2B260F', 4936053938287991417155, [], [], 3000, 3000, 4000, 1695254400, 168, 0, 25000, '0xB419cE2ea99f356BaE0caC47282B9409E38200fa', b''), 500, ('0x45c32fA6DF82ead1e2EF74d17b76547EDdFaFF89', 18, 'FRAX', 8153394555830650946765), ('0xEe327F889d5947c1dc1934Bb208a1E792F953E96', 18, 'frxETH', 16889694245411469394), 'oRETRO', 18)]",34915.21
WMATIC/frxETH (0.05%),0x44AAE81BE8435b6998A66d9642f66DE57DD03FC2,"[((b""l1]\x002~!'#\xe3rI\xcf\x16\xa6\xf9\xd6\xadp\xc5\xdc?X\\'\xbe_\x84j&WO"", '0x44AAE81BE8435b6998A66d9642f66DE57DD03FC2', '0x3A29CAb2E124919d14a6F735b6033a3AaD2B260F', 5594042763614166540446, [], [], 3000, 3000, 4000, 1695254400, 168, 0, 25000, '0xB419cE2ea99f356BaE0caC47282B9409E38200fa', b''), 500, ('0x0d500B1d8E8eF31E21C99d1Db9A6444d3ADf1270', 18, 'WMATIC', 52299251853795050787302), ('0xEe327F889d5947c1dc1934Bb208a1E792F953E96', 18, 'frxETH', 15303438466017671660), 'oRETRO', 18)]",51525.11
xbb-t-USD/CASH (0.01%),0x07dBf448cCC68cA64247da04F2E24643eCf57385,"[((b'\xeaW\xe0\x84+\x91I\xd5a}X\x93\xd3\xc6\xb5ZW\x04\x94\xde>\x89\xce\x88z#\xe6\x0c/\xba\xc1\xa9', '0x07dBf448cCC68cA64247da04F2E24643eCf57385', '0x3A29CAb2E124919d14a6F735b6033a3AaD2B260F', 46120496419880464458, [], [], 3000, 3000, 4000, 1695254400, 168, 0, 25000, '0xB419cE2ea99f356BaE0caC47282B9409E38200fa', b''), 100, ('0x4028cba3965e8Aea7320e9eA50914861A14dc724', 18, 'xbb-t-USD', 97484844839621456099), ('0x5D066D022EDE10eFa2717eD3D79f22F949F8C175', 18, 'CASH', 207015157065556410971), 'oRETRO', 18)]",206.73
LINK/LUCHA (0.3%),0x91248C85DD408BD216254C3cFb51fc326290cF7e,"[((b'\xa48\x92\x86M\xcb;\x04\xc5H\x8d\x93{\x83\x1e{\xca\x81\xde\xad>\xd9\x817~\xc0\xc3:\xea\xfdy\xc7', '0x91248C85DD408BD216254C3cFb51fc326290cF7e', '0x3A29CAb2E124919d14a6F735b6033a3AaD2B260F', 11497533327507482965911, [], [], 3000, 3000, 4000, 1695254400, 168, 0, 25000, '0xB419cE2ea99f356BaE0caC47282B9409E38200fa', b''), 3000, ('0x53E0bca35eC356BD5ddDFebbD1Fc0fD03FaBad39', 18, 'LINK', 855443915223033767328), ('0x6749441Fdc8650b5b5a854ed255C82EF361f1596', 18, 'LUCHA', 987505188569235837630285), 'oRETRO', 18)]",22609.09
CASH/LUCHA (0.3%),0xc666c4b402Bd797185EA419261D22a8f22DDFce6,"[((b""\x8c\xd8\xe1Mv\x82\xbbw\xe3'\xc6EP\xefm\x9f5}\xd6\\P\xea\xf4\x8b\x00\xfeO\x17\x9e\x95\xddC"", '0xc666c4b402Bd797185EA419261D22a8f22DDFce6', '0x3A29CAb2E124919d14a6F735b6033a3AaD2B260F', 1052184450474169012779, [], [], 3000, 3000, 4000, 1695254400, 168, 0, 25000, '0xB419cE2ea99f356BaE0caC47282B9409E38200fa', b''), 3000, ('0x5D066D022EDE10eFa2717eD3D79f22F949F8C175', 18, 'CASH', 1387383697300432307718), ('0x6749441Fdc8650b5b5a854ed255C82EF361f1596', 18, 'LUCHA', 162774123338193949368825), 'oRETRO', 18)]",4058.9
FRAX/miMATIC (0.3%),0xdeB25Dd2d5D168Fd6f80F154d96a2Dab81d61845,"[((b'\xe0/o\xd3\xef=7\xec\xf2\x07\xb2\xbf\xe0MNN+V\\\x050\xbd\xff\x0e\xb7\xbax\x829\x11\x9e@', '0xdeB25Dd2d5D168Fd6f80F154d96a2Dab81d61845', '0x3A29CAb2E124919d14a6F735b6033a3AaD2B260F', 21961320873750459332332, [], [], 3000, 3000, 4000, 1695254400, 168, 0, 25000, '0xB419cE2ea99f356BaE0caC47282B9409E38200fa', b''), 3000, ('0x45c32fA6DF82ead1e2EF74d17b76547EDdFaFF89', 18, 'FRAX', 31773706433240132799352), ('0xa3Fa99A148fA48D14Ed51d610c367C61876997F1', 18, 'miMATIC', 259138142676772734761297), 'oRETRO', 18)]",264006.4
WMATIC/miMATIC (0.3%),0xC571445Fc93666e1E4FaE2E84A7b74FE6ed3978D,"[((b'\xd2\xbe\x16\x91\x18h7\xe3\xdf\xa6\xee\t\x1d\x9d*e\x08\x17P\xac\xdbM\x12=\xadzA0\x8e\xb4j\xa0', '0xC571445Fc93666e1E4FaE2E84A7b74FE6ed3978D', '0x3A29CAb2E124919d14a6F735b6033a3AaD2B260F', 4914354706736884315643, [], [], 3000, 3000, 4000, 1695254400, 168, 0, 25000, '0xB419cE2ea99f356BaE0caC47282B9409E38200fa', b''), 3000, ('0x0d500B1d8E8eF31E21C99d1Db9A6444d3ADf1270', 18, 'WMATIC', 30559063046750053344682), ('0xa3Fa99A148fA48D14Ed51d610c367C61876997F1', 18, 'miMATIC', 11886576898726609630829), 'oRETRO', 18)]",26581.45
CASH/ERN (0.3%),0x777a87889f42C33f9A1E5c117774694bbd857075,"[((b'\x8e\x99b>\xfc\xdd\xa8\t\x1d\x82\xfe\x0e\xb4\xea\xcdXS@\xe6\x8e$\xb6CA,Z\xb1\xa9\xea\x15!W', '0x777a87889f42C33f9A1E5c117774694bbd857075', '0x3A29CAb2E124919d14a6F735b6033a3AaD2B260F', 4733030641173171791710, [], [], 3000, 3000, 4000, 1695254400, 168, 0, 25000, '0xB419cE2ea99f356BaE0caC47282B9409E38200fa', b''), 3000, ('0x5D066D022EDE10eFa2717eD3D79f22F949F8C175', 18, 'CASH', 47573768233816849697893), ('0xC3a9a54c043f348027fffAac0F2F996123A19bF4', 18, 'ERN', 20748008219417868410930), 'oRETRO', 18)]",69107.08
oRETRO/RETRO (1%),0x387FBcE5E2933Bd3a7243D0be2aAC8fD9Ab3D55d,"[((b'\xd5\x8c\x857\xa5\xb5z\x96\xb3?B:w`\t6\xab\xc2NH\x10\xdd\xec\xf2\xf1\xf0I\x04O\x08g\xf8', '0x387FBcE5E2933Bd3a7243D0be2aAC8fD9Ab3D55d', '0x3A29CAb2E124919d14a6F735b6033a3AaD2B260F', 10852363825861824428937, [], [], 3000, 3000, 4000, 1695254400, 168, 0, 25000, '0xB419cE2ea99f356BaE0caC47282B9409E38200fa', b''), 10000, ('0x3A29CAb2E124919d14a6F735b6033a3AaD2B260F', 18, 'oRETRO', 205768724922301101808659), ('0xBFA35599c7AEbb0dAcE9b5aa3ca5f2a79624D8Eb', 18, 'RETRO', 75804739235580723216261), 'oRETRO', 18)]",16757.36
ICHI/RETRO (1%),0xC26E1a0cDab4Bf5141530C49F3360f162C5Db5Db,"[((b'\xd6T\x85a\xdc\xd6np:\x0bq\x91~\x19\x96g\xc4eu(!8\x95\xdc\x06\xf9\xca\x0e4\x13\xc7\xc8', '0xC26E1a0cDab4Bf5141530C49F3360f162C5Db5Db', '0x3A29CAb2E124919d14a6F735b6033a3AaD2B260F', 31649639109423213719897, [], [], 6000, 0, 4000, 1695254400, 168, 0, 25000, '0xB419cE2ea99f356BaE0caC47282B9409E38200fa', b''), 10000, ('0x111111517e4929D3dcbdfa7CCe55d30d4B6BC4d6', 18, 'ICHI', 234025803622514830326989), ('0xBFA35599c7AEbb0dAcE9b5aa3ca5f2a79624D8Eb', 18, 'RETRO', 403680117856570061067446), 'oRETRO', 18)]",445446.57
WMATIC/ICHI (0.3%),0x13d5e61838D93F7962C52dc921FD7C0Ccc092E35,"[((b'l\x07\x94&\x15\x0f\xf3\x8c\x11\xef\x1f\xce?H\xca\xe4\x91\x8b\x1d\x0b\x13\xc0#5\x9e:\xe7\xa1\x8f\xe7Z\xcc', '0x13d5e61838D93F7962C52dc921FD7C0Ccc092E35', '0x3A29CAb2E124919d14a6F735b6033a3AaD2B260F', 50323832418017346828259, [], [], 6000, 0, 4000, 1695254400, 168, 0, 25000, '0xB419cE2ea99f356BaE0caC47282B9409E38200fa', b''), 3000, ('0x0d500B1d8E8eF31E21C99d1Db9A6444d3ADf1270', 18, 'WMATIC', 123119760719217506022393), ('0x111111517e4929D3dcbdfa7CCe55d30d4B6BC4d6', 18, 'ICHI', 55383121810577153783178), 'oRETRO', 18)]",161632.25
SD/MaticX (0.3%),0xB97c62834e096858BD0B996b758942dd43d7B5eE,"[((b'E\x00\x9cQD\x06\x19v\x9a\xe4\xea\x11{\x14\x99;\xb5i\x9arg\x89\xd5v\xe4\xda\xb0I\x8ay+\x0e', '0xB97c62834e096858BD0B996b758942dd43d7B5eE', '0x3A29CAb2E124919d14a6F735b6033a3AaD2B260F', 532949326872798639931, [], [], 3000, 3000, 4000, 1695254400, 168, 0, 25000, '0xB419cE2ea99f356BaE0caC47282B9409E38200fa', b''), 3000, ('0x1d734A02eF1e1f5886e66b0673b71Af5B53ffA94', 18, 'SD', 4474804170856121976494), ('0xfa68FB4628DFF1028CFEc22b4162FCcd0d45efb6', 18, 'MaticX', 1923896686221047805140), 'oRETRO', 18)]",3784.57
stERN/ERN (1%),0x99583057951987beD85CE6934473160bFD4921b9,"[((b'\xa6?|TcP\xf7\x82\x85>4\xad\x89\xabZ\xbe\xear\xacL\x1e\xb3\xa7\xf4B\x03\xbc\xbd\xf8\x8aK\x0b', '0x99583057951987beD85CE6934473160bFD4921b9', '0x3A29CAb2E124919d14a6F735b6033a3AaD2B260F', 23873148227945489937825, [], [], 3000, 3000, 4000, 1695254400, 168, 0, 25000, '0xB419cE2ea99f356BaE0caC47282B9409E38200fa', b''), 10000, ('0x281c4746c902A322B9A951F07893AC51a7221Acc', 18, 'stERN', 94205457737321719778174), ('0xC3a9a54c043f348027fffAac0F2F996123A19bF4', 18, 'ERN', 119134869683375258902561), 'oRETRO', 18)]",222087.28
tUSDC/STAR (0.05%),0x53C49b9308c3DB176d351d7914Cec0Fb5D7f1129,"[((b'\x9e.uE\xa9\xc3\x16\xfe\x84\x01\xe9\x1e\xc1 `\x1d\rL\x9f\xb8CH4\xfd\xca\x0b+\xa4$\xd7\x8c\xa0', '0x53C49b9308c3DB176d351d7914Cec0Fb5D7f1129', '0x3A29CAb2E124919d14a6F735b6033a3AaD2B260F', 10891124450769538651343, [], [], 3000, 3000, 4000, 1695254400, 168, 0, 25000, '0xB419cE2ea99f356BaE0caC47282B9409E38200fa', b''), 500, ('0x0D397F4515007AE4822703b74b9922508837A04E', 6, 'tUSDC', 16992885803), ('0xC19669A405067927865B40Ea045a2baabbbe57f5', 18, 'STAR', 20354593984129328675242), 'oRETRO', 18)]",37823.28
STAR/ERN (0.3%),0xBed2936f4AC04292876A08Cd66Cfcea7b84d070f,"[((b'\x15\x0e\x8d\xcd\x937\xfa\x99\xd2\xee\xa9\xd7\x8f\x9bb\xae\xaf|\xbdXKf\xb2x&X\xb1D\x8b\xa7\xd5.', '0xBed2936f4AC04292876A08Cd66Cfcea7b84d070f', '0x3A29CAb2E124919d14a6F735b6033a3AaD2B260F', 1030539078156175782655, [], [], 3000, 3000, 4000, 1695254400, 168, 0, 25000, '0xB419cE2ea99f356BaE0caC47282B9409E38200fa', b''), 3000, ('0xC19669A405067927865B40Ea045a2baabbbe57f5', 18, 'STAR', 18785686392126347114127), ('0xC3a9a54c043f348027fffAac0F2F996123A19bF4', 18, 'ERN', 2972205128959787069750), 'oRETRO', 18)]",21879.75
WMATIC/LUCHA (0.3%),0x52BeedA850A7048e9D543668BF54E0d9E1B667E0,"[((b'\x17\x93M\xf3\xc8gV^\xc2\xb9\xa0a\x06:\x84\x14^\xf7\xa9\xd7\x81\xe3\x81\xc7,\x95\xa8\xf5O\x8c\xcbX', '0x52BeedA850A7048e9D543668BF54E0d9E1B667E0', '0x3A29CAb2E124919d14a6F735b6033a3AaD2B260F', 30287267748463933620, [], [], 3000, 3000, 4000, 1695254400, 168, 0, 25000, '0xB419cE2ea99f356BaE0caC47282B9409E38200fa', b''), 3000, ('0x0d500B1d8E8eF31E21C99d1Db9A6444d3ADf1270', 18, 'WMATIC', 778587995942807724780), ('0x6749441Fdc8650b5b5a854ed255C82EF361f1596', 18, 'LUCHA', 586549188132453010993), 'oRETRO', 18)]",415.36
LUCHA/WETH (0.3%),0x13136EA148331a07497087bfc31fBCcD9b99123c,"[((b'Ff1\t\xafm\xfa\xd4 QB\xbb\x0e\x0b\x17\x16e\t\x08\xcf\xdf\xad\x1c\x13\xb1+\xca%\r\xcdv\xa1', '0x13136EA148331a07497087bfc31fBCcD9b99123c', '0x3A29CAb2E124919d14a6F735b6033a3AaD2B260F', 4611338200234421002045, [], [], 3000, 3000, 4000, 1695254400, 168, 0, 25000, '0xB419cE2ea99f356BaE0caC47282B9409E38200fa', b''), 3000, ('0x6749441Fdc8650b5b5a854ed255C82EF361f1596', 18, 'LUCHA', 627439077765006730685089), ('0x7ceB23fD6bC0adD59E62ac25578270cFf1b9f619', 18, 'WETH', 3689842706188823879), 'oRETRO', 18)]",16170.96
JRT/WETH (0.3%),0xAE107e52ebdF151E61d9Fb4Bd800C86c31741465,"[((b'\x11\xfbY\xe0\xe5\xc7\x88k\xc6\x88\xcd\xad\x167\x83\xeetL\xb7\xc8\x1b\r%\xf6\xfd\xc7\xb6;\xd9\xe1N>', '0xAE107e52ebdF151E61d9Fb4Bd800C86c31741465', '0x3A29CAb2E124919d14a6F735b6033a3AaD2B260F', 3499026701061693084348, [], [], 3000, 3000, 4000, 1695254400, 168, 0, 25000, '0xB419cE2ea99f356BaE0caC47282B9409E38200fa', b''), 3000, ('0x596eBE76e2DB4470966ea395B0d063aC6197A8C5', 18, 'JRT', 4875942062112604869809819), ('0x7ceB23fD6bC0adD59E62ac25578270cFf1b9f619', 18, 'WETH', 6293698709149870188), 'oRETRO', 18)]",45246.38
axlLqdr/CASH (0.3%),0x22c10e61A05a03bcd8BF61a7E648f2330ecdA270,"[((b'\x854\xb7\xc8\xa9\xf5\x9d\x01v7\\|7\n\x8a<\xf7.Y\xae\x93|%\x82\xb2\xddv\x9d\x17.\xedD', '0x22c10e61A05a03bcd8BF61a7E648f2330ecdA270', '0x3A29CAb2E124919d14a6F735b6033a3AaD2B260F', 20002066502547442348143, [], [], 3000, 3000, 4000, 1695254400, 168, 0, 25000, '0xB419cE2ea99f356BaE0caC47282B9409E38200fa', b''), 3000, ('0x0294D8eB7857D43FEb1210Db72456d41481f9Ede', 18, 'axlLqdr', 77668473126469542535773), ('0x5D066D022EDE10eFa2717eD3D79f22F949F8C175', 18, 'CASH', 28640536139802306108769), 'oRETRO', 18)]",52131.7
XOC/jMXN (0.01%),0xccE01e3615785771b84Eb5F88EC612AC6704FdE2,"[((b'*\xc3<~\x00um\xae\xba\xc8\xeb\xf1\xfd\x1b~\xa5\xee\x9f\x1a\x81\xb1\xa0\xc6\xf9\xb0\x85\x02X\xb6\xaa\xc4a', '0xccE01e3615785771b84Eb5F88EC612AC6704FdE2', '0x3A29CAb2E124919d14a6F735b6033a3AaD2B260F', 3035929063506133403763, [], [], 3000, 3000, 4000, 1695254400, 168, 0, 25000, '0xB419cE2ea99f356BaE0caC47282B9409E38200fa', b''), 100, ('0xa411c9Aa00E020e4f88Bc19996d29c5B7ADB4ACf', 18, 'XOC', 38937079493370134643304), ('0xBD1fe73e1f12bD2bc237De9b626F056f21f86427', 18, 'jMXN', 86258217033828244635015), 'oRETRO', 18)]",4933.19
ICHI/CASH (1%),0x8ceD58A2dE3C2ea5D3cED3eb4331158c8cf985Fb,"[((b'\xb1\xf2\x98\xfem\xd8\xbd\xa0\xc8#\xed\x05\xdc7\xbb:\xa3\x81\x8c\xe2\xa4\xe4f\xb0\x04\xee\x07$[y\xb7\xc1', '0x8ceD58A2dE3C2ea5D3cED3eb4331158c8cf985Fb', '0x3A29CAb2E124919d14a6F735b6033a3AaD2B260F', 26941274849049279307731, [], [], 3000, 3000, 4000, 1695254400, 168, 0, 25000, '0xB419cE2ea99f356BaE0caC47282B9409E38200fa', b''), 10000, ('0x111111517e4929D3dcbdfa7CCe55d30d4B6BC4d6', 18, 'ICHI', 239402145646290487986518), ('0x5D066D022EDE10eFa2717eD3D79f22F949F8C175', 18, 'CASH', 28162227777106911798389), 'oRETRO', 18)]",449471.31
wUSDR/CASH (0.3%),0x3baEa49B71461DEaB46E6F42548D0005359ff629,"[((b'0\xd8#\x9dH\x12\xd4M\xc7\xe2D_\xf5Q2\xb1dx\xcaY\xf8s\x97\xc6\xd6\x8a\x1157\x14Ln', '0x3baEa49B71461DEaB46E6F42548D0005359ff629', '0x3A29CAb2E124919d14a6F735b6033a3AaD2B260F', 2797875182078375505943, [], [], 3000, 3000, 4000, 1695254400, 168, 0, 25000, '0xB419cE2ea99f356BaE0caC47282B9409E38200fa', b''), 3000, ('0x00e8c0E92eB3Ad88189E7125Ec8825eDc03Ab265', 9, 'wUSDR', 10793744770551), ('0x5D066D022EDE10eFa2717eD3D79f22F949F8C175', 18, 'CASH', 12745501799286634786808), 'oRETRO', 18)]",24342.06
CASH/STAR (0.05%),0x88C522E526E5Eea8d636fd6805cA7fEB488780D0,"[((b'\xdf\x1d\xc0`\xc6\xb7-\xa3\xc8K.\xd8\xf8v\xe6\xec}0E\x8f\xd0\xfe\xfc\x19\xf8\xb8z\x027\xf2\xa5C', '0x88C522E526E5Eea8d636fd6805cA7fEB488780D0', '0x3A29CAb2E124919d14a6F735b6033a3AaD2B260F', 5440900350420407148581, [], [], 3000, 3000, 4000, 1695254400, 168, 0, 25000, '0xB419cE2ea99f356BaE0caC47282B9409E38200fa', b''), 500, ('0x5D066D022EDE10eFa2717eD3D79f22F949F8C175', 18, 'CASH', 17913147096994971119379), ('0xC19669A405067927865B40Ea045a2baabbbe57f5', 18, 'STAR', 173480095500583059795526), 'oRETRO', 18)]",191368.63
USDC/STAR (0.01%),0x6De0CA91Ef19A6ce9f02A423ae2dF89Fe09Bff0F,"[((b'\x93\x92hd^\x8e\xbeXQ\xcb|\x87\xd2\xa8\x0f1\x95\xfd\x11\xad\x01T\xba\x1f\x0b\x8f\xb7BE:\xa7\xc8', '0x6De0CA91Ef19A6ce9f02A423ae2dF89Fe09Bff0F', '0x3A29CAb2E124919d14a6F735b6033a3AaD2B260F', 40247016376173510113056, [], [], 3000, 3000, 4000, 1695254400, 168, 0, 25000, '0xB419cE2ea99f356BaE0caC47282B9409E38200fa', b''), 100, ('0x2791Bca1f2de4661ED88A30C99A7a9449Aa84174', 6, 'USDC', 114035322527), ('0xC19669A405067927865B40Ea045a2baabbbe57f5', 18, 'STAR', 426472184387975450284210), 'oRETRO', 18)]",540507.51
tUSDC/STAR (1%),0xaC44f57eEF260eB6E0f896b61984Da8d86FeE9ed,"[((b""R\x1d9\x85%\xec\r\xa6\xd1\x1d\x9a4\xd7\x83\xff\xa5\x80-=\xdc\xbd1\xe8\xad\xf1'\xba@\x9bl\x10\x98"", '0xaC44f57eEF260eB6E0f896b61984Da8d86FeE9ed', '0x3A29CAb2E124919d14a6F735b6033a3AaD2B260F', 114609465454842385554, [], [], 3000, 3000, 4000, 1695254400, 168, 0, 25000, '0xB419cE2ea99f356BaE0caC47282B9409E38200fa', b''), 10000, ('0x0D397F4515007AE4822703b74b9922508837A04E', 6, 'tUSDC', 194478290), ('0xC19669A405067927865B40Ea045a2baabbbe57f5', 18, 'STAR', 870392302854780582155), 'oRETRO', 18)]",1070.32
tUSDC/CASH (1%),0x4FcdB2DCc4Ce156c723aD541dba8B39d47284FC5,"[((b'\xaf\xd0h\xb2\x8c\x95Am\xe5HS\xa545\x93}\xb2L\x97F\x00\xea\\\t\x86\xde\xc6\xe9\xba\x07\x87\x1d', '0x4FcdB2DCc4Ce156c723aD541dba8B39d47284FC5', '0x3A29CAb2E124919d14a6F735b6033a3AaD2B260F', 1054324627919020795372, [], [], 3000, 3000, 4000, 1695254400, 168, 0, 25000, '0xB419cE2ea99f356BaE0caC47282B9409E38200fa', b''), 10000, ('0x0D397F4515007AE4822703b74b9922508837A04E', 6, 'tUSDC', 1994337236), ('0x5D066D022EDE10eFa2717eD3D79f22F949F8C175', 18, 'CASH', 8860122615106864864383), 'oRETRO', 18)]",10898.13
OATH/ERN (1%),0xeAf5C1aadF486D0AeB2E79Df78ce7d9834A2970e,"[((b'\xf8\xfa\x84\x85FC!i\xbf\xa1\x1f\xf2\x02\xd9\xf5\xc7i\xb3*\x1er\xcd1.\xd58\xb5Z\xd6:\xa1\xf3', '0xeAf5C1aadF486D0AeB2E79Df78ce7d9834A2970e', '0x3A29CAb2E124919d14a6F735b6033a3AaD2B260F', 449987512903711401836, [], [], 3000, 3000, 4000, 1695254400, 168, 0, 25000, '0xB419cE2ea99f356BaE0caC47282B9409E38200fa', b''), 10000, ('0x7c603C3C0C97a565cf202c94AB5298bF8510f7dc', 18, 'OATH', 70420227036205096359366), ('0xC3a9a54c043f348027fffAac0F2F996123A19bF4', 18, 'ERN', 498522644675904022575), 'oRETRO', 18)]",2526.39
WBTC/CASH (0.3%),0x2C8F7d92Dc7A414D343CbFB687E31a11F525d29e,"[((b""\xd9\xd1\x1cN\xd3<\x8d\xdbqh.p\xe3\x8e\xaa\xdet\xe0'\xf9\xc4\xe8r3\x0ccr\\\xc3rk\xe0"", '0x2C8F7d92Dc7A414D343CbFB687E31a11F525d29e', '0x3A29CAb2E124919d14a6F735b6033a3AaD2B260F', 1986790588518678638295, [], [], 3000, 3000, 4000, 1695254400, 168, 0, 25000, '0xB419cE2ea99f356BaE0caC47282B9409E38200fa', b''), 3000, ('0x1BFD67037B42Cf73acF2047067bd4F2C47D9BfD6', 8, 'WBTC', 57828123), ('0x5D066D022EDE10eFa2717eD3D79f22F949F8C175', 18, 'CASH', 14100583150146150142173), 'oRETRO', 18)]",29261.67
WMATIC/DEUS (1%),0xB5cB765e44Eca4bc5a434fFaf6Bf7De235Bc60a5,"[((b'\x07\x15\xa5\xa2B\xe5\x8e\xc8\x8c\x16\x92\xf6\xaa\x19\xa3\x0e\x07\xee1l7\x13d\xe0\xb4\xf96\x86\xa9r\xb3\xfa', '0xB5cB765e44Eca4bc5a434fFaf6Bf7De235Bc60a5', '0x3A29CAb2E124919d14a6F735b6033a3AaD2B260F', 24955299461130689000352, [], [], 3000, 3000, 4000, 1695254400, 168, 0, 25000, '0xB419cE2ea99f356BaE0caC47282B9409E38200fa', b''), 10000, ('0x0d500B1d8E8eF31E21C99d1Db9A6444d3ADf1270', 18, 'WMATIC', 21051559885982034212102), ('0xDE5ed76E7c05eC5e4572CfC88d1ACEA165109E44', 18, 'DEUS', 503182784699797037029), 'oRETRO', 18)]",23142.0
wUSDR/STAR (0.3%),0x8Aa67302c7A984c003C9B3a4409f49Ee6C3f13eC,"[((b'\xc4\xe0\\\x0f\x05\xaa8\x0bY\x9b""\xfer\x98%$$\xb4\xa7(\n\x86\x0fj4\xf5\x10\xadpC(\x82', '0x8Aa67302c7A984c003C9B3a4409f49Ee6C3f13eC', '0x3A29CAb2E124919d14a6F735b6033a3AaD2B260F', 7629228771703694213555, [], [], 3000, 3000, 4000, 1695254400, 168, 0, 25000, '0xB419cE2ea99f356BaE0caC47282B9409E38200fa', b''), 3000, ('0x00e8c0E92eB3Ad88189E7125Ec8825eDc03Ab265', 9, 'wUSDR', 14310370745485), ('0xC19669A405067927865B40Ea045a2baabbbe57f5', 18, 'STAR', 41812104664665502528235), 'oRETRO', 18)]",57210.06
CASH/TAROT (0.3%),0x217aEb0667b79584FBf6265B74a8cD22E1245fdC,"[((b'\xcd\x08k\x97B\x06o\xa92\x19\xa4\xd0\x06hHN\xb0\x00\x19X\xb7P\x8e\xca>( ""\x92\x7f\xdb%', '0x217aEb0667b79584FBf6265B74a8cD22E1245fdC', '0x3A29CAb2E124919d14a6F735b6033a3AaD2B260F', 12812624195351017768604, [], [], 3000, 3000, 4000, 1695254400, 168, 0, 25000, '0xB419cE2ea99f356BaE0caC47282B9409E38200fa', b''), 3000, ('0x5D066D022EDE10eFa2717eD3D79f22F949F8C175', 18, 'CASH', 3463620039911617594551), ('0xb092e1BF50f518b3Ebf7eD26A40015183aE36AC2', 18, 'TAROT', 172715860279252755408759), 'oRETRO', 18)]",14842.39
CASH/fxDOLA (0.05%),0x4b4B895a0dD744B4893aA4370A8F7eDbde5Fd90e,"[((b'd\x9ei*\r\x9b\xce\x7f\xc6j\xa8\xcbPL\xda\xb0,\xa0\xbe\xaa\xd3!3\x14f;\xc6s\x0c\x99\xabl', '0x4b4B895a0dD744B4893aA4370A8F7eDbde5Fd90e', '0x3A29CAb2E124919d14a6F735b6033a3AaD2B260F', 141806738376345392043493, [], [], 3000, 3000, 4000, 1695254400, 168, 0, 25000, '0xB419cE2ea99f356BaE0caC47282B9409E38200fa', b''), 500, ('0x5D066D022EDE10eFa2717eD3D79f22F949F8C175', 18, 'CASH', 602210949024076752300926), ('0xbC2b48BC930Ddc4E5cFb2e87a45c379Aab3aac5C', 18, 'fxDOLA', 408654946971437153931166), 'oRETRO', 18)]",1006828.06
RETRO/liveRetro (1%),0x6333BB8b6f1DDa6f929d70eDEB9e31c8148dC9ef,"[((b'}\x81\xe9u\xc4\x17m\x9b\xaaf\xde=\x98\x93\xa2\xe3\xae)\x99\x9bjj#x\x1e\xf2=T\xfe\x19\xf1z', '0x6333BB8b6f1DDa6f929d70eDEB9e31c8148dC9ef', '0x3A29CAb2E124919d14a6F735b6033a3AaD2B260F', 46836803108922523706705, [], [], 6000, 0, 4000, 1695254400, 168, 0, 25000, '0xB419cE2ea99f356BaE0caC47282B9409E38200fa', b''), 10000, ('0xBFA35599c7AEbb0dAcE9b5aa3ca5f2a79624D8Eb', 18, 'RETRO', 175676428012285045364970), ('0xCaAF554900E33ae5DBc66ae9f8ADc3049B7D31dB', 18, 'liveRetro', 255576225216053383813015), 'oRETRO', 18)]",31008.27
MVX/WETH (1%),0xCC72276de3BCc1b159F1B60A86B0211116022B42,"[((b'\xf3#\xb9\xbf\x8f,\x80\xecq\xc6M\xe7h\xb1\t2\xc6\x87\xf8\x04N!0\x08s\xact@nqy9', '0xCC72276de3BCc1b159F1B60A86B0211116022B42', '0x3A29CAb2E124919d14a6F735b6033a3AaD2B260F', 244084117892063140244, [], [], 3000, 3000, 4000, 1695254400, 168, 0, 25000, '0xB419cE2ea99f356BaE0caC47282B9409E38200fa', b''), 10000, ('0x2760E46d9BB43dafCbEcaad1F64b93207f9f0eD7', 18, 'MVX', 46837335734483543642310), ('0x7ceB23fD6bC0adD59E62ac25578270cFf1b9f619', 18, 'WETH', 10131509231400036028), 'oRETRO', 18)]",64536.07
WMATIC/elRETRO (1%),0x6794Db07e2efE1307b8594FBbBFad78E50eC76fa,"[((b'?\xcee)\xcc\nN\x96\x08\xc4\x92\xa4R\x98\xeb\x9c\xf8\xb8\x94^\xb7\x08^h^\xc4\xefU\x9f[4M', '0x6794Db07e2efE1307b8594FBbBFad78E50eC76fa', '0x3A29CAb2E124919d14a6F735b6033a3AaD2B260F', 11648820743588999998215, [], [], 3000, 3000, 4000, 1695254400, 168, 0, 25000, '0xB419cE2ea99f356BaE0caC47282B9409E38200fa', b''), 10000, ('0x0d500B1d8E8eF31E21C99d1Db9A6444d3ADf1270', 18, 'WMATIC', 5992965059236963980474), ('0xFAB311FE3E3be4bB3fEd77257EE294Fb22Fa888b', 18, 'elRETRO', 90423273145454852009386), 'oRETRO', 18)]",7674.85
OATH/WETH (1%),0x0c74834d67c4bf5e6a44D18b2BAc767cddB4CdBf,"[((b'\x1d\xf4Od\x8e\x7f\xb4k\x04\x17\xed\xcd^\x9f\xcb\xd5u\x80\x82q\xb9 \xf4p].\x8dv!V4.', '0x0c74834d67c4bf5e6a44D18b2BAc767cddB4CdBf', '0x3A29CAb2E124919d14a6F735b6033a3AaD2B260F', 2052322896927394124734, [], [], 3000, 3000, 4000, 1695254400, 168, 0, 25000, '0xB419cE2ea99f356BaE0caC47282B9409E38200fa', b''), 10000, ('0x7c603C3C0C97a565cf202c94AB5298bF8510f7dc', 18, 'OATH', 95984976274920953843579), ('0x7ceB23fD6bC0adD59E62ac25578270cFf1b9f619', 18, 'WETH', 1454177088490009265), 'oRETRO', 18)]",5047.92
